{"cameraMode":{"drawMode":0,"name":"Shaded","section":"Shading Mode"},"sceneLighting":true,"audioPlay":false,"sceneViewState":{"showFog":true,"showMaterialUpdate":false,"showSkybox":true,"showFlares":true,"showImageEffects":true,"showParticleSystems":true},"in2DMode":false,"pivot":{"x":9.28758430480957,"y":8.53911018371582,"z":12.268821716308594},"rotation":{"x":0.22922010719776154,"y":-0.0990922823548317,"z":0.02343600243330002,"w":0.9680525660514832},"size":18.184654235839845,"orthographic":false}