{"cameraMode":{"drawMode":0,"name":"Shaded","section":"Shading Mode"},"sceneLighting":true,"audioPlay":false,"sceneViewState":{"showFog":true,"showMaterialUpdate":false,"showSkybox":true,"showFlares":true,"showImageEffects":true,"showParticleSystems":true},"in2DMode":false,"pivot":{"x":5.534969806671143,"y":-3.425048828125,"z":50.358131408691409},"rotation":{"x":0.23646634817123414,"y":-0.31648266315460207,"z":0.08178914338350296,"w":0.9150062203407288},"size":131.38357543945313,"orthographic":true}