{"cameraMode":{"drawMode":0,"name":"Shaded","section":"Shading Mode"},"sceneLighting":true,"audioPlay":false,"sceneViewState":{"showFog":true,"showMaterialUpdate":false,"showSkybox":true,"showFlares":true,"showImageEffects":true,"showParticleSystems":true},"in2DMode":false,"pivot":{"x":-43.840675354003909,"y":21.67351531982422,"z":83.13984680175781},"rotation":{"x":0.018745021894574167,"y":-0.9810110330581665,"z":0.1476632058620453,"w":0.12456043064594269},"size":7.905694961547852,"orthographic":true}